-- phpMyAdmin SQL Dump
-- version 5.2.1
-- https://www.phpmyadmin.net/
--
-- 主機： 127.0.0.1
-- 產生時間： 2025-08-05 09:16:36
-- 伺服器版本： 10.4.32-MariaDB
-- PHP 版本： 8.2.12

SET SQL_MODE = "NO_AUTO_VALUE_ON_ZERO";
START TRANSACTION;
SET time_zone = "+00:00";


/*!40101 SET @OLD_CHARACTER_SET_CLIENT=@@CHARACTER_SET_CLIENT */;
/*!40101 SET @OLD_CHARACTER_SET_RESULTS=@@CHARACTER_SET_RESULTS */;
/*!40101 SET @OLD_COLLATION_CONNECTION=@@COLLATION_CONNECTION */;
/*!40101 SET NAMES utf8mb4 */;

--
-- 資料庫： `labdemo`
--

-- --------------------------------------------------------

--
-- 資料表結構 `block`
--

CREATE TABLE `block` (
  `blockID` int(11) NOT NULL,
  `seatID` int(11) NOT NULL,
  `startDate` date NOT NULL,
  `endDate` date NOT NULL
) ENGINE=InnoDB DEFAULT CHARSET=utf8mb4 COLLATE=utf8mb4_general_ci COMMENT='不開放日期';

--
-- 傾印資料表的資料 `block`
--

INSERT INTO `block` (`blockID`, `seatID`, `startDate`, `endDate`) VALUES
(1, 2, '2025-05-06', '2025-05-15'),
(2, 1, '2025-05-04', '2025-05-04'),
(3, 3, '2025-05-04', '2025-05-04'),
(4, 12, '2025-05-15', '2025-05-15'),
(5, 13, '2025-05-15', '2025-05-15'),
(6, 12, '2025-05-17', '2025-05-21'),
(7, 13, '2025-05-17', '2025-05-21'),
(8, 14, '2025-05-17', '2025-05-21'),
(9, 15, '2025-05-17', '2025-05-21'),
(10, 22, '2025-05-17', '2025-05-21'),
(11, 23, '2025-05-17', '2025-05-21'),
(12, 24, '2025-05-17', '2025-05-21'),
(13, 25, '2025-05-17', '2025-05-21'),
(14, 102, '2025-05-20', '2025-05-22'),
(15, 103, '2025-05-20', '2025-05-22'),
(16, 104, '2025-05-20', '2025-05-22'),
(17, 105, '2025-05-20', '2025-05-22'),
(18, 13, '2025-08-05', '2025-08-14'),
(19, 17, '2025-08-05', '2025-08-14'),
(20, 18, '2025-08-05', '2025-08-14'),
(21, 19, '2025-08-05', '2025-08-14'),
(22, 1, '2025-08-05', '2025-08-06'),
(23, 149, '2025-08-06', '2025-08-08'),
(24, 150, '2025-08-06', '2025-08-08');

-- --------------------------------------------------------

--
-- 資料表結構 `member`
--

CREATE TABLE `member` (
  `userID` int(11) NOT NULL,
  `username` text NOT NULL,
  `password` int(11) NOT NULL,
  `email` text NOT NULL,
  `manager` tinyint(1) NOT NULL
) ENGINE=InnoDB DEFAULT CHARSET=utf8mb4 COLLATE=utf8mb4_general_ci;

--
-- 傾印資料表的資料 `member`
--

INSERT INTO `member` (`userID`, `username`, `password`, `email`, `manager`) VALUES
(1, 'TEST', 1234, '0506pepe@gmail.com', 0),
(4, 'meow0w0', 4, '0506pepe@gmail.com', 0),
(6, '莉可', 123, '0506pepe@gmail.com', 1),
(7, '米卡莎', 123, '0506pepe@gmail.com', 1),
(8, '111', 123, '0506pepe@gmail.com', 0),
(9, '12', 123, '0506pepe@gmail.com', 1),
(10, '7', 789, '0506pepe@gmail.com', 0);

-- --------------------------------------------------------

--
-- 資料表結構 `record`
--

CREATE TABLE `record` (
  `rid` int(11) NOT NULL,
  `uid` varchar(11) NOT NULL,
  `sid` text NOT NULL,
  `date` date NOT NULL,
  `time` int(11) NOT NULL
) ENGINE=InnoDB DEFAULT CHARSET=utf8mb4 COLLATE=utf8mb4_general_ci;

-- --------------------------------------------------------

--
-- 資料表結構 `reserve`
--

CREATE TABLE `reserve` (
  `reID` int(11) NOT NULL,
  `userID` int(11) NOT NULL,
  `seatID` int(11) NOT NULL,
  `date` date NOT NULL,
  `time` text NOT NULL,
  `sendMail` tinyint(1) NOT NULL DEFAULT 0
) ENGINE=InnoDB DEFAULT CHARSET=utf8mb4 COLLATE=utf8mb4_general_ci;

--
-- 傾印資料表的資料 `reserve`
--

INSERT INTO `reserve` (`reID`, `userID`, `seatID`, `date`, `time`, `sendMail`) VALUES
(0, 1, 1, '2025-05-11', '18:00', 0),
(6, 6, 1, '2025-05-16', '10:00', 0),
(7, 6, 5, '2025-05-16', '11:00', 0),
(9, 6, 6, '2025-05-16', '13:00', 0),
(10, 6, 6, '2025-05-10', '13:00', 0),
(11, 6, 6, '2025-05-12', '13:00', 0),
(12, 6, 6, '2025-05-01', '11:00', 0),
(13, 6, 16, '2025-05-15', '09:00', 0),
(15, 6, 17, '2025-05-15', '10:00', 0),
(16, 6, 17, '2025-05-15', '11:00', 0),
(17, 6, 1, '2025-05-15', '13:00', 0),
(18, 1, 16, '2025-05-20', '09:00', 0),
(22, 1, 13, '2025-05-30', '11:00', 0),
(25, 1, 6, '2025-05-20', '12:00', 0),
(26, 1, 12, '2025-09-04', '09:00', 0),
(27, 1, 12, '2025-08-06', '09:00', 0);

-- --------------------------------------------------------

--
-- 資料表結構 `seat`
--

CREATE TABLE `seat` (
  `seatID` int(11) NOT NULL,
  `room` text NOT NULL,
  `row` int(11) NOT NULL,
  `col` int(11) NOT NULL,
  `seatr` int(11) NOT NULL,
  `seatc` int(11) NOT NULL,
  `socket` tinyint(1) NOT NULL COMMENT '插座',
  `state` int(11) NOT NULL DEFAULT 0
) ENGINE=InnoDB DEFAULT CHARSET=utf8mb4 COLLATE=utf8mb4_general_ci;

--
-- 傾印資料表的資料 `seat`
--

INSERT INTO `seat` (`seatID`, `room`, `row`, `col`, `seatr`, `seatc`, `socket`, `state`) VALUES
(1, '1', 2, 3, 1, 1, 1, 1),
(2, '1', 2, 3, 1, 2, 1, 2),
(3, '1', 2, 3, 1, 3, 1, 0),
(4, '1', 2, 3, 2, 1, 0, 0),
(5, '1', 2, 3, 2, 2, 0, 0),
(6, '2', 2, 3, 1, 1, 0, 0),
(7, '2', 2, 3, 1, 2, 0, 0),
(8, '2', 2, 3, 1, 3, 0, 0),
(9, '2', 2, 3, 2, 1, 0, 0),
(10, '2', 2, 3, 2, 2, 0, 0),
(11, '2', 2, 3, 2, 3, 0, 0),
(12, 'SC1004', 10, 10, 1, 1, 1, 0),
(13, 'SC1004', 10, 10, 1, 2, 0, 0),
(14, 'SC1004', 10, 10, 1, 9, 0, 0),
(15, 'SC1004', 10, 10, 1, 10, 1, 0),
(16, 'SC1004', 10, 10, 2, 1, 1, 0),
(17, 'SC1004', 10, 10, 2, 2, 0, 0),
(18, 'SC1004', 10, 10, 2, 3, 0, 0),
(19, 'SC1004', 10, 10, 2, 4, 0, 0),
(20, 'SC1004', 10, 10, 2, 5, 0, 0),
(21, 'SC1004', 10, 10, 2, 6, 0, 0),
(22, 'SC1004', 10, 10, 2, 7, 0, 0),
(23, 'SC1004', 10, 10, 2, 8, 0, 0),
(24, 'SC1004', 10, 10, 2, 9, 0, 0),
(25, 'SC1004', 10, 10, 2, 10, 1, 0),
(26, 'SC1004', 10, 10, 3, 1, 1, 0),
(27, 'SC1004', 10, 10, 3, 2, 0, 0),
(28, 'SC1004', 10, 10, 3, 3, 0, 0),
(29, 'SC1004', 10, 10, 3, 4, 0, 0),
(30, 'SC1004', 10, 10, 3, 5, 0, 0),
(31, 'SC1004', 10, 10, 3, 6, 0, 0),
(32, 'SC1004', 10, 10, 3, 7, 0, 0),
(33, 'SC1004', 10, 10, 3, 8, 0, 0),
(34, 'SC1004', 10, 10, 3, 9, 0, 0),
(35, 'SC1004', 10, 10, 3, 10, 1, 0),
(36, 'SC1004', 10, 10, 4, 1, 1, 0),
(37, 'SC1004', 10, 10, 4, 2, 0, 0),
(38, 'SC1004', 10, 10, 4, 3, 0, 0),
(39, 'SC1004', 10, 10, 4, 4, 0, 0),
(40, 'SC1004', 10, 10, 4, 5, 0, 0),
(41, 'SC1004', 10, 10, 4, 6, 0, 0),
(42, 'SC1004', 10, 10, 4, 7, 0, 0),
(43, 'SC1004', 10, 10, 4, 8, 0, 0),
(44, 'SC1004', 10, 10, 4, 9, 0, 0),
(45, 'SC1004', 10, 10, 4, 10, 1, 0),
(46, 'SC1004', 10, 10, 5, 1, 1, 0),
(47, 'SC1004', 10, 10, 5, 2, 0, 0),
(48, 'SC1004', 10, 10, 5, 3, 0, 0),
(49, 'SC1004', 10, 10, 5, 4, 0, 0),
(50, 'SC1004', 10, 10, 5, 5, 0, 0),
(51, 'SC1004', 10, 10, 5, 6, 0, 0),
(52, 'SC1004', 10, 10, 5, 7, 0, 0),
(53, 'SC1004', 10, 10, 5, 8, 0, 0),
(54, 'SC1004', 10, 10, 5, 9, 0, 0),
(55, 'SC1004', 10, 10, 5, 10, 1, 0),
(56, 'SC1004', 10, 10, 6, 1, 1, 0),
(57, 'SC1004', 10, 10, 6, 2, 0, 0),
(58, 'SC1004', 10, 10, 6, 3, 0, 0),
(59, 'SC1004', 10, 10, 6, 4, 0, 0),
(60, 'SC1004', 10, 10, 6, 5, 0, 0),
(61, 'SC1004', 10, 10, 6, 6, 0, 0),
(62, 'SC1004', 10, 10, 6, 7, 0, 0),
(63, 'SC1004', 10, 10, 6, 8, 0, 0),
(64, 'SC1004', 10, 10, 6, 9, 0, 0),
(65, 'SC1004', 10, 10, 6, 10, 1, 0),
(66, 'SC1004', 10, 10, 7, 1, 1, 0),
(67, 'SC1004', 10, 10, 7, 2, 0, 0),
(68, 'SC1004', 10, 10, 7, 3, 0, 0),
(69, 'SC1004', 10, 10, 7, 4, 0, 0),
(70, 'SC1004', 10, 10, 7, 5, 0, 0),
(71, 'SC1004', 10, 10, 7, 6, 0, 0),
(72, 'SC1004', 10, 10, 7, 7, 0, 0),
(73, 'SC1004', 10, 10, 7, 8, 0, 0),
(74, 'SC1004', 10, 10, 7, 9, 0, 0),
(75, 'SC1004', 10, 10, 7, 10, 1, 0),
(76, 'SC1004', 10, 10, 8, 1, 1, 0),
(77, 'SC1004', 10, 10, 8, 2, 0, 0),
(78, 'SC1004', 10, 10, 8, 3, 0, 0),
(79, 'SC1004', 10, 10, 8, 4, 0, 0),
(80, 'SC1004', 10, 10, 8, 5, 0, 0),
(81, 'SC1004', 10, 10, 8, 6, 0, 0),
(82, 'SC1004', 10, 10, 8, 7, 0, 0),
(83, 'SC1004', 10, 10, 8, 8, 0, 0),
(84, 'SC1004', 10, 10, 8, 9, 0, 0),
(85, 'SC1004', 10, 10, 8, 10, 1, 0),
(86, 'SC1004', 10, 10, 9, 2, 0, 0),
(87, 'SC1004', 10, 10, 9, 3, 0, 0),
(88, 'SC1004', 10, 10, 9, 4, 0, 0),
(89, 'SC1004', 10, 10, 9, 5, 0, 0),
(90, 'SC1004', 10, 10, 9, 6, 0, 0),
(91, 'SC1004', 10, 10, 9, 7, 0, 0),
(92, 'SC1004', 10, 10, 9, 8, 0, 0),
(93, 'SC1004', 10, 10, 9, 9, 0, 0),
(94, 'SC1004', 10, 10, 10, 2, 0, 0),
(95, 'SC1004', 10, 10, 10, 3, 0, 0),
(96, 'SC1004', 10, 10, 10, 4, 0, 0),
(97, 'SC1004', 10, 10, 10, 5, 0, 0),
(98, 'SC1004', 10, 10, 10, 6, 0, 0),
(99, 'SC1004', 10, 10, 10, 7, 0, 0),
(100, 'SC1004', 10, 10, 10, 8, 0, 0),
(101, 'SC1004', 10, 10, 10, 9, 0, 0),
(102, '123', 3, 10, 1, 1, 0, 0),
(103, '123', 3, 10, 1, 2, 1, 0),
(104, '123', 3, 10, 1, 3, 0, 0),
(105, '123', 3, 10, 1, 4, 0, 0),
(106, '123', 3, 10, 1, 6, 1, 0),
(107, '123', 3, 10, 1, 7, 0, 0),
(108, '123', 3, 10, 1, 8, 0, 0),
(109, '123', 3, 10, 1, 9, 0, 0),
(110, '123', 3, 10, 1, 10, 0, 0),
(111, '123', 3, 10, 2, 1, 0, 0),
(112, '123', 3, 10, 2, 2, 0, 0),
(113, '123', 3, 10, 2, 3, 0, 0),
(114, '123', 3, 10, 2, 4, 0, 0),
(115, '123', 3, 10, 2, 5, 0, 0),
(116, '123', 3, 10, 2, 6, 0, 0),
(117, '123', 3, 10, 2, 7, 0, 0),
(118, '123', 3, 10, 2, 8, 0, 0),
(119, '123', 3, 10, 2, 9, 0, 0),
(120, '123', 3, 10, 2, 10, 0, 0),
(121, '123', 3, 10, 3, 1, 0, 0),
(122, '123', 3, 10, 3, 2, 0, 0),
(123, '123', 3, 10, 3, 3, 0, 0),
(124, '123', 3, 10, 3, 4, 0, 0),
(125, '123', 3, 10, 3, 5, 0, 0),
(126, '123', 3, 10, 3, 6, 0, 0),
(127, '123', 3, 10, 3, 7, 0, 0),
(128, '123', 3, 10, 3, 8, 0, 0),
(129, '123', 3, 10, 3, 9, 0, 0),
(130, '123', 3, 10, 3, 10, 0, 0),
(131, '456', 1, 1, 1, 1, 1, 0),
(132, 'SC2001', 4, 5, 1, 1, 1, 0),
(133, 'SC2001', 4, 5, 1, 5, 0, 0),
(134, 'SC2001', 4, 5, 2, 1, 1, 0),
(135, 'SC2001', 4, 5, 2, 2, 0, 0),
(136, 'SC2001', 4, 5, 2, 3, 0, 0),
(137, 'SC2001', 4, 5, 2, 4, 0, 0),
(138, 'SC2001', 4, 5, 2, 5, 0, 0),
(139, 'SC2001', 4, 5, 3, 1, 1, 0),
(140, 'SC2001', 4, 5, 3, 2, 0, 0),
(141, 'SC2001', 4, 5, 3, 3, 0, 0),
(142, 'SC2001', 4, 5, 3, 4, 0, 0),
(143, 'SC2001', 4, 5, 3, 5, 0, 0),
(144, 'SC2001', 4, 5, 4, 1, 1, 0),
(145, 'SC2001', 4, 5, 4, 2, 0, 0),
(146, 'SC2001', 4, 5, 4, 3, 0, 0),
(147, 'SC2001', 4, 5, 4, 4, 0, 0),
(148, 'SC2001', 4, 5, 4, 5, 0, 0),
(149, 'SC2002', 2, 3, 1, 1, 1, 0),
(150, 'SC2002', 2, 3, 1, 2, 0, 0),
(151, 'SC2002', 2, 3, 1, 3, 1, 0),
(152, 'SC2002', 2, 3, 2, 1, 0, 0),
(153, 'SC2002', 2, 3, 2, 2, 0, 0);

--
-- 已傾印資料表的索引
--

--
-- 資料表索引 `block`
--
ALTER TABLE `block`
  ADD PRIMARY KEY (`blockID`),
  ADD UNIQUE KEY `blockID` (`blockID`);

--
-- 資料表索引 `member`
--
ALTER TABLE `member`
  ADD PRIMARY KEY (`userID`),
  ADD UNIQUE KEY `uid` (`userID`),
  ADD UNIQUE KEY `uid_2` (`userID`);

--
-- 資料表索引 `record`
--
ALTER TABLE `record`
  ADD PRIMARY KEY (`rid`);

--
-- 資料表索引 `reserve`
--
ALTER TABLE `reserve`
  ADD PRIMARY KEY (`reID`),
  ADD UNIQUE KEY `reID` (`reID`);

--
-- 資料表索引 `seat`
--
ALTER TABLE `seat`
  ADD PRIMARY KEY (`seatID`),
  ADD UNIQUE KEY `seatID` (`seatID`);

--
-- 在傾印的資料表使用自動遞增(AUTO_INCREMENT)
--

--
-- 使用資料表自動遞增(AUTO_INCREMENT) `block`
--
ALTER TABLE `block`
  MODIFY `blockID` int(11) NOT NULL AUTO_INCREMENT, AUTO_INCREMENT=25;

--
-- 使用資料表自動遞增(AUTO_INCREMENT) `member`
--
ALTER TABLE `member`
  MODIFY `userID` int(11) NOT NULL AUTO_INCREMENT, AUTO_INCREMENT=11;

--
-- 使用資料表自動遞增(AUTO_INCREMENT) `reserve`
--
ALTER TABLE `reserve`
  MODIFY `reID` int(11) NOT NULL AUTO_INCREMENT, AUTO_INCREMENT=28;

--
-- 使用資料表自動遞增(AUTO_INCREMENT) `seat`
--
ALTER TABLE `seat`
  MODIFY `seatID` int(11) NOT NULL AUTO_INCREMENT, AUTO_INCREMENT=154;
COMMIT;

/*!40101 SET CHARACTER_SET_CLIENT=@OLD_CHARACTER_SET_CLIENT */;
/*!40101 SET CHARACTER_SET_RESULTS=@OLD_CHARACTER_SET_RESULTS */;
/*!40101 SET COLLATION_CONNECTION=@OLD_COLLATION_CONNECTION */;
